{
  "reportName": "string_is_the_name",
  "reportRequestData": {
    "requesterName": "John Doe",
    "dateFrom": "2023-01-01",
    "dateTo": "2023-01-01",
    "dateGenerated": "2023-01-01"
  },
  "reportInformation": {
    "organizationName": "Ay Coool",
    "cscName": "Ay CSC",
    "agreementName": "Ay CSC",
    "agreementNumber": 435262,
    "programType": "WES",
    "agreementStart": "2023-01-01",
    "agreementEnd": "2023-01-01"
  },
  "report": [
    {
      "tenetNumber": "TENET 1",
      "lastName": "Smith",
      "firstName": "Alice",
      "fundingStream": "UADAY/DIA",
      "ageGroup": "Public",
      "gender": "M",
      "demograph": "Visible Minority",
      "serviceStarted": "2023-03-15",
      "serviceOutcome": "Complete",
      "employmentOutcome": "Course A",
      "employmentOutcomeDate": "2023-06-20",
      "followUpOutcome": "Outcome B",
      "followUpOutcomeDate": "2023-07-01"
    },
    {
      "tenetNumber": "TENET 2",
      "lastName": "Johnson",
      "firstName": "Bob",
      "fundingStream": "UADAY/DIA",
      "ageGroup": "Regular Worker",
      "gender": "F",
      "demographic": "Disability",
      "serviceStarted": "2023-04-10",
      "serviceOutcome": "In progress",
      "employmentOutcome": "Course A",
      "employmentOutcomeDate": "2023-06-20",
      "followUpOutcome": "Outcome B",
      "followUpOutcomeDate": "2023-07-01"
    }
  ]
}
